{
  "layers": [
    "housenumber", 
    "transportation_name", 
    "water_name", 
    "poi", 
    "place", 
    "transportation", 
    "building", 
    "aeroway", 
    "waterway", 
    "water", 
    "boundary", 
    "park", 
    "landuse", 
    "landcover"
  ], 
  "styles": [
    "darkmatter/style.mss", 
    "shared/admin.mss", 
    "shared/hydro.mss", 
    "shared/landuse.mss", 
    "shared/roads.mss", 
    "shared/labels.mss"
  ], 
  "nutiparameters": {
    "lang": {
      "default": "en"
    }, 
    "buildings": {
      "default": 1, 
      "values": {
        "1": 1, 
        "0": 0, 
        "2": 2
      }
    }, 
    "fallback_lang": {
      "default": "en"
    }, 
    "texts3d": {
      "default": "nutibillboard", 
      "values": {
        "1": "nutibillboard", 
        "0": "point"
      }
    }, 
    "markers3d": {
      "default": "nutibillboard", 
      "values": {
        "1": "nutibillboard", 
        "0": "point"
      }
    }, 
    "shields3d": {
      "default": "nutibillboard", 
      "values": {
        "1": "nutibillboard", 
        "0": "point"
      }
    }
  }, 
  "name": "positron", 
  "files": {
    "shared/hydro.mss": {
      "md5": "269ca4560872d0a276467fac899c2393", 
      "size": 1033
    }, 
    "shared/roads.mss": {
      "md5": "7443aef4ee152461518b0d5ddf5e6807", 
      "size": 8506
    },
    "images/city-square.png": {
      "md5": "dddf2625f7c43c0f6469495825e22ab8", 
      "size": 92
    },
    "darkmatter/style.mss": {
      "md5": "f0dc5b6f276e62957ecbdda25ea931a4", 
      "size": 6137
    }, 
    "shared/landuse.mss": {
      "md5": "2b709308df94e21b09ec60d3acfbe8dc", 
      "size": 2457
    },
    "images/dark-matter-square-3.png": {
      "md5": "57f1c4c9cca990e9205aa7e6e1a4adff", 
      "size": 125
    }, 
    "shared/admin.mss": {
      "md5": "d220777dfe5cd35516b06d705992d65d", 
      "size": 1245
    }, 
    "shared/labels.mss": {
      "md5": "81db72e4260f9c2f0a548617c4d922e8", 
      "size": 11288
    }
  }
}
